店名,価格帯,住所,電話番号,体験談,ホームページURL
田中 レストラン,2000〜4000円,福井県文京区脚折町7丁目18番1号,000-7682-6450,伝統的な日本料理とモダンな雰囲気が融合したレストラン。,http://nishimura.jp.com
石川 カフェ,3401〜7093円,岡山県中央区港南28丁目26番7号 ハイツ松石025,000-4390-5310,海を眺めながらくつろげるカジュアルなカフェ。,http://tanaka.com.com
福田 レストラン,3651〜6956円,長崎県横浜市戸塚区豊町9丁目23番20号 中三依シャルム313,000-8401-8271,地元食材を活かした創作料理が楽しめるレストラン。,http://takahashi.com.com
石井 バー,3720〜7237円,岩手県小笠原村前弥六南町36丁目12番1号 松石コーポ377,000-5040-5803, 伝統的な京町家で味わう、落ち着いた雰囲気のバー。,http://okamoto.org.com
山本 カフェ,3451〜8794円,島根県八千代市虎ノ門虎ノ門ヒルズ森タワー38丁目11番9号,000-0435-4518,札幌の中心部に位置,http://watanabe.com.com
高橋 ダイナー,3923〜7159円,熊本県横浜市港南区幸手22丁目6番10号 パレス西関宿420,000-1572-0544,アメリカンスタイルのダイナーで、ボリューム満点のハンバーガーが楽しめる。,http://ogawa.com.com
藤田 ダイナー,2737〜5747円,千葉県長生郡長柄町卯の里33丁目14番3号 シャルム箪笥町226,000-7419-1196,カジュアルな雰囲気の中、手作りの洋食を提供するダイナー。,http://suzuki.com.com
山口 カフェ,4026〜6634円,栃木県狛江市丸の内20丁目2番12号 三筋ハイツ346,000-2946-5083,広島市内の静かな場所に位置する、落ち着いた雰囲気のカフェ。,http://suzuki.com.com
高橋 ビストロ,2892〜9517円,大阪府多摩市港南15丁目3番9号 ハイツ蔵前958,000-0313-1972,フランスの家庭料理を中心とした、アットホームなビストロ。,http://endo.com.com
渡辺 カフェ,3138〜8516円,香川県四街道市明石町23丁目10番4号 浅草コーポ186,000-9008-7673,オーガニック食材を使用した健康的なメニューが豊富なカフェ。,http://yamaguchi.com.com
阿部 バー,4450〜8286円,山口県国立市中三依16丁目3番15号,000-4239-1048,クラシックな雰囲気の中で世界各国のカクテルを楽しめるバー。,http://kimura.jp.com
渡辺 ダイナー,2012〜6148円,佐賀県八丈島八丈町中三依35丁目10番13号 パレス木立883,000-0984-7475,ファミリーフレンドリーな雰囲気で様々な国の料理を提供するカジュアルダイナー。,http://matsumoto.com.com
鈴木 カフェ,3158〜7889円,福島県白井市雷門2丁目3番11号 芝大門シティ350,000-2536-9911,モダンでスタイリッシュなデザインの都会的なカフェ。,http://yoshida.jp.com
中島 レストラン,3866〜8872円,徳島県府中市油井5丁目14番10号 蟇沼シティ164,000-2006-1046,地元の食材を使った創作料理が楽しめる洗練されたレストラン。,http://takahashi.jp.com
山本 カフェ,3499〜8283円,静岡県白井市白金台26丁目17番10号 シティ五味ヶ谷213,000-0419-7463,アートと文化が融合したユニークなコンセプトのカフェ。,http://hayashi.com.com
中村 バー,3032〜9792円,兵庫県横浜市戸塚区芝公園2丁目7番11号,39-0420-0764,おしゃれなインテリアとリラックスできる雰囲気のバー。,http://murakami.org.com
中村 レストラン,4435〜5254円,群馬県鎌ケ谷市鍛冶ケ沢4丁目13番18号 シャルム三筋713,000-0193-8426,豊かな自然を感じられる落ち着いた雰囲気のレストラン。,http://sato.jp.com
鈴木 バー,3467〜7043円,山口県国分寺市雷門32丁目10番7号,000-1798-1924,エレガントで洗練された大人のための高級バー。,http://kobayashi.com.com
山本 レストラン,2804〜5110円,東京都大網白里市丸の内31丁目23番3号 シャルム中三依016,000-5932-6484,地元食材を活用した健康的なメニューが自慢のレストラン。,http://yamazaki.jp.com
後藤 ビストロ,2474〜6874円,愛知県豊島区京橋25丁目22番5号,000-8166-7995,現代的なデザインとカジュアルな雰囲気のビストロ。,http://tanaka.net.com
伊藤 バー,4791〜8776円,静岡県山武市箪笥町11丁目16番5号,66-7570-7566,様々な種類のビールと共に楽しめるアットホームなバー。,http://watanabe.com.com
岡本 ダイナー,3124〜6750円,三重県横浜市泉区東神田14丁目18番14号 シャルム橋場299,000-6466-3944,手作り料理と温かい雰囲気が魅力のファミリーダイナー。,http://ikeda.jp.com
林 ビストロ,4038〜6744円,大阪府西東京市細竹40丁目5番5号 シャルム木立024,000-7356-2898,シックで洗練された大人の隠れ家的なビストロ。,http://hasegawa.org.com
渡辺 ダイナー,4704〜9745円,北海道墨田区長畑42丁目11番7号 パーク橋場351,52-5672-6238,レトロな雰囲気の中でクラシックなアメリカンダイナー料理を提供。,http://tanaka.jp.com
山本 バー,3934〜5940円,埼玉県文京区二つ室7丁目4番18号 花島パーク050,000-2814-9330,スタイリッシュなインテリアとクリエイティブなカクテルが楽しめるバー。,http://kobayashi.com.com
山口 レストラン,4287〜7803円,熊本県東大和市方京23丁目11番6号 美原町シティ620,000-6110-0445,地元の新鮮な食材を使った伝統的な日本料理レストラン。,http://suzuki.org.com
斉藤 レストラン,2161〜5608円,埼玉県北区神明内16丁目19番14号 シャルム山中新田755,000-9985-6308,モダンなインテリアと革新的な料理で知られるレストラン。,http://sakamoto.jp.com
木村 レストラン,3066〜8951円,熊本県三鷹市四区町39丁目13番15号 上野公園ハイツ777,000-0948-2008,コンテンポラリーな雰囲気の中で季節の食材を活かした料理が自慢のレストラン。,http://hashimoto.com.com
伊藤 ビストロ,4408〜5478円,北海道昭島市西川18丁目18番12号 南赤田コーポ721,000-9217-2252,カジュアルな雰囲気の中でヨーロッパ風料理を楽しむことができるビストロ。,http://suzuki.org.com
西村 カフェ,3174〜8999円,福島県山武郡横芝光町前弥六南町37丁目5番13号,000-9825-2983,美しい内装と心地よい音楽が特徴のカフェ。,http://okada.net.com
山本 バー,3676〜7965円,佐賀県西多摩郡瑞穂町柿木沢新田35丁目25番18号 シティ勝どき883,000-0841-5767,ライブミュージックが楽しめる、活気あふれるバー。,http://matsuda.com.com
田中 カフェ,2746〜8325円,福井県川崎市幸区京橋28丁目27番14号 パーク津久戸町325,000-3713-3689,季節の食材を活かした創造的な料理を提供するダイナー。,http://nishimura.jp.com
山田 ビストロ,2387〜5233円,熊本県調布市手岡26丁目12番9号 独鈷沢パレス549,000-1028-7239,リラックスできるアットホームな雰囲気のカフェ。,http://suzuki.com.com
後藤 カフェ,4170〜9510円,滋賀県山武郡芝山町虎ノ門虎ノ門ヒルズ森タワー9丁目10番13号 丸の内ＪＰタワーシャルム768,000-8082-7569,世界各国の料理を取り入れた多国籍料理が楽しめるレストラン。,http://hashimoto.jp.com
橋本 レストラン,2959〜8758円,大分県横浜市都筑区上広谷28丁目2番11号,000-3866-0115,革新的なデザインの中でコーヒーと軽食を楽しむことができるカフェ。,http://kondo.com.com
伊藤 ビストロ,4909〜5298円,大阪府横浜市金沢区丸の内ＪＰタワー28丁目22番14号,000-1569-1008,穏やかで落ち着いた雰囲気の中で上質なカクテルを楽しめるバー。,http://saito.com.com
山崎 ビストロ,2734〜8161円,福岡県葛飾区所野13丁目7番1号 幸手パーク110,000-4663-1700,新鮮な魚介を使った料理が自慢のレストラン。,http://yamashita.net.com
佐々木 バー,4435〜6690円,鹿児島県小笠原村小入19丁目14番4号 千塚ハイツ197,000-4810-0232,おしゃれで快適なインテリアのバー。,http://sato.com.com
山口 ダイナー,2910〜7149円,大阪府板橋区羽折町39丁目16番2号,000-2603-7298,地元産の食材にこだわったヘルシーなメニューが特徴のレストラン。,http://ishikawa.com.com
太田 レストラン,4974〜6046円,広島県印旛郡酒々井町柿木沢新田38丁目15番5号,000-2417-7574,伝統的なフレンチをモダンにアレンジしたビストロ。,http://takahashi.org.com
佐藤 バー,2505〜5850円,沖縄県狛江市下宇和田40丁目17番3号 蔵前シティ005,000-5211-3806,クラフトビールと共に楽しむカジュアルなバー。,http://takahashi.com.com
山崎 ビストロ,4565〜9860円,三重県利島村小入15丁目12番1号 パーク木立409,000-1927-5316,レトロな雰囲気と温かい家庭料理が楽しめるダイナー。,http://fukuda.jp.com
橋本 ダイナー,3533〜5134円,岡山県狛江市虎ノ門虎ノ門ヒルズ森タワー2丁目3番11号,000-9600-2410,快適で洗練された内装のカフェ。,http://fujita.com.com
井上 バー,2699〜5602円,山形県北区松石13丁目5番17号 コーポ木立288,000-0812-3183,地元食材を使った伝統的な和食が楽しめるレストラン。,http://mori.net.com
坂本 レストラン,3743〜7359円,三重県小平市台場21丁目2番20号 上広谷シティ690,50-9104-5161,エレガントな内装の中で世界のワインを楽しむことができるバー。,http://takahashi.net.com
吉田 カフェ,2856〜7754円,福島県長生郡長南町橋場12丁目2番16号,000-0286-2042,自家製パンやスイーツが人気のカフェ。,http://ikeda.com.com
鈴木 レストラン,4512〜8661円,広島県横浜市南区横林2丁目24番3号 日本堤コート442,000-3527-0923,オーガニック食材を使った料理が自慢のダイナー。,http://kobayashi.jp.com
渡辺 ダイナー,3427〜8723円,東京都南房総市吾妻橋12丁目15番8号 鶴ヶ丘アーバン026,51-5737-4384,リラックスした雰囲気で、手作りのスイーツとドリンクを提供するカフェ。 39. スタイリッシュなデザインの中で、革新的なカクテルを楽しめるバー。,http://matsumoto.jp.com
佐々木 カフェ,2467〜9264円,群馬県町田市細竹35丁目12番7号 パーク松が谷644,000-2710-1729,落ち着いた雰囲気の中で、地元の食材を活かした料理を提供するレストラン。,http://suzuki.jp.com
吉田 ビストロ,2426〜7468円,宮崎県新島村細竹42丁目22番15号,000-2997-6898,美しい庭園を眺めながら食事ができる、自然豊かなビストロ。,http://shimizu.jp.com
伊藤 ダイナー,4005〜8095円,福井県西多摩郡奥多摩町津久戸町24丁目9番18号 シャルム中鉢石町491,000-0111-1022,リラックスできる空間で、多彩なコーヒーと軽食を楽しめるカフェ。,http://tanaka.com.com
藤原 バー,2203〜5338円,宮崎県大島町氏家新田25丁目11番17号 戸山コーポ858,000-0371-9082,ユニークなインテリアが特徴のモダンなダイナー。,http://kato.org.com
松本 ダイナー,2963〜6734円,福岡県香取郡東庄町蔵前12丁目24番20号 クレスト上吉羽781,54-9737-5746,ゆったりとした時間を過ごせる、居心地の良いバー。,http://yamaguchi.com.com
長谷川 カフェ,2687〜9885円,島根県大島町柿木沢1丁目6番13号 シャルム湯本塩原772,000-9195-6595,地元の伝統を大切にしながら、新しい料理を提案するレストラン。,http://shimizu.com.com
伊藤 バー,2770〜6671円,静岡県長生郡長生村松石14丁目4番6号 細野シティ216,000-8922-1429,ヴィンテージな雰囲気の中で、クラシックなフレンチ料理が楽しめるビストロ。,http://suzuki.net.com
岡田 ビストロ,4228〜8232円,栃木県鴨川市丸の内41丁目1番10号,30-8742-4891,モダンアートと美食が融合した、スタイリッシュなカフェ。,http://mori.jp.com
前田 バー,2302〜6089円,岡山県匝瑳市渡辺42丁目2番18号,000-5899-1721,クラフトビールと共に楽しむ、カジュアルな雰囲気のバー。,http://takahashi.jp.com
松本 ビストロ,4207〜6998円,島根県日野市蟇沼11丁目20番11号 コーポ長間222,000-8108-9214,美しい景観を眺めながら、季節感あふれる料理が楽しめるレストラン。,http://suzuki.com.com
松田 ダイナー,4378〜5252円,富山県夷隅郡大多喜町浅草橋25丁目2番14号,000-8099-6381,フレンドリーなスタッフと居心地の良い空間が魅力のダイナー。,http://suzuki.net.com
藤井 ダイナー,2794〜6610円,岩手県御蔵島村秋葉原30丁目26番13号,000-1966-9781,美しいインテリアと心地よい音楽が特徴のバー。,http://sato.org.com
長谷川 ダイナー,4104〜6169円,三重県青梅市猿楽町26丁目11番4号 卯の里コート422,000-4548-9661,伝統的な日本の食文化を大切にした、和食レストラン。,http://ishii.com.com
伊藤 ダイナー,4620〜6206円,福島県国立市明石町40丁目7番2号,05-9109-5133,地元の素材を活かした、オーガニックなメニューが自慢のビストロ。,http://kobayashi.jp.com
後藤 ビストロ,4083〜8426円,福岡県稲城市百村6丁目10番15号,000-5652-3951,都会の喧騒を忘れさせる、静かなカフェ。,http://sakamoto.com.com
田中 カフェ,2104〜8549円,長崎県山武郡芝山町上吉羽7丁目21番14号,000-4002-9034,インターナショナルな料理とワインが楽しめる、おしゃれなダイナー。,http://tanaka.com.com
遠藤 レストラン,4421〜5694円,新潟県横浜市都筑区南郷屋11丁目1番10号 鶴ヶ丘ハイツ073,34-8618-4871,落ち着いた雰囲気で、上質なスピリッツを提供するバー。 57. 新鮮な地元産食材を使用した、ヘルシーな料理が特徴のレストラン。,http://takahashi.jp.com
松本 カフェ,3986〜9936円,徳島県杉並区鍛冶ケ沢25丁目25番5号,83-2212-2299,モダンで洗練されたデザインの中で、オーガニックコーヒーを楽しめるカフェ。,http://sato.jp.com
太田 ダイナー,2899〜8104円,鳥取県長生郡長南町中三依35丁目7番3号,000-6826-9555,シックなインテリアと美味しいワインが自慢のビストロ。,http://sasaki.jp.com
山下 バー,2927〜6459円,熊本県武蔵野市皇居外苑35丁目19番16号 パーク千束982,68-1291-2382,アットホームな雰囲気で、家庭的な料理を提供するダイナー。,http://yoshida.jp.com
加藤 レストラン,2565〜6688円,和歌山県山武郡九十九里町三ノ輪15丁目25番16号,000-5766-4168,都会のオアシスのような、静かで落ち着いたバー。,http://ota.net.com
長谷川 バー,4559〜6782円,佐賀県福生市上高野3丁目14番11号,000-2511-7319,地元の新鮮な食材を活かした、伝統的なイタリアンレストラン。,http://yamashita.com.com
井上 バー,4573〜6879円,山口県山武市土呂部10丁目9番20号,94-6116-4600,カジュアルで快適な空間で、手作りスイーツが楽しめるカフェ。,http://okamoto.com.com
長谷川 ダイナー,4108〜8474円,千葉県長生郡長柄町箭坪24丁目13番3号 ハイツ三ノ輪854,44-0337-2923,落ち着いた雰囲気で、伝統的な和食と日本酒が楽しめるダイナー。,http://watanabe.com.com
中村 ビストロ,4260〜7805円,宮城県杉並区卯の里7丁目27番8号,57-3342-0031,スタイリッシュな雰囲気の中で、クラフトビールと共に楽しむバー。,http://okamoto.net.com
岡田 ビストロ,2322〜6013円,広島県神津島村木立3丁目15番16号 戸山クレスト898,000-4220-4592,地元食材にこだわった、シーズナルな料理が特徴のレストラン。,http://tanaka.com.com
山田 バー,2864〜5629円,福井県武蔵野市中鉢石町18丁目22番15号 睦シャルム649,000-6432-5555,ヴィンテージな雰囲気の中で、クラシックなカクテルを楽しめるバー。,http://yamazaki.jp.com
西村 バー,2483〜5911円,滋賀県三宅島三宅村四番町34丁目10番15号,000-1297-2253,都会の喧騒を忘れさせる静かな隠れ家的カフェ。,http://ishikawa.jp.com
斎藤 カフェ,3208〜7916円,長野県香取郡神崎町大京町27丁目20番9号 パレス押上175,000-8125-6951,ライブミュージックが楽しめる活気あふれるバー。,http://kato.jp.com
小林 カフェ,4554〜9415円,大阪府文京区西浅草6丁目26番15号 パーク丸の内200,000-2866-3376,ビンテージな内装が特徴のレトロなビストロ。,http://yoshida.jp.com
木村 カフェ,2345〜7574円,愛知県長生郡睦沢町虎ノ門14丁目3番17号 二つ室シャルム611,000-0958-5158,ファミリー向けのアットホームなダイナー。,http://takahashi.jp.com
加藤 ダイナー,4983〜6408円,新潟県御蔵島村台場35丁目8番19号 浅草橋アーバン036,000-3980-5805,シンプルで心地よい空間のミニマリストカフェ。,http://takahashi.com.com
田中 ダイナー,4232〜6559円,佐賀県横浜市泉区中小来川1丁目5番13号 一ツ橋パーク016,000-3827-9690,ローカルフードを中心にした地域密着型のレストラン。,http://fujiwara.com.com
村上 ビストロ,2158〜9727円,山口県渋谷区東上野6丁目15番4号 コーポ土呂部989,000-2636-2067,世界各国のビールを楽しめる国際的なバー。,http://sakamoto.jp.com
長谷川 ビストロ,2785〜5078円,福井県日野市下吉羽26丁目20番9号,000-1058-4293,伝統的な日本家屋を改装した和風レストラン。,http://fujita.jp.com
高橋 ダイナー,3606〜5378円,沖縄県東村山市豊町6丁目2番7号,000-2447-8247,都市のオアシスのような屋上ビストロ。,http://sato.net.com
山田 ビストロ,2950〜9327円,鳥取県西多摩郡檜原村山中新田40丁目20番7号 アーバン二つ室462,82-3329-0325,手作りのスイーツが自慢の小さなカフェ。,http://tanaka.jp.com
三浦 レストラン,4788〜5681円,島根県山武郡九十九里町箪笥町11丁目13番8号 シティ橋場296,000-8213-0971,モダンなデザインとオーガニック料理の融合ダイナー。,http://saito.org.com
伊藤 カフェ,4082〜8724円,大阪府山武郡芝山町太田ヶ谷18丁目13番11号 明石町アーバン268,000-8601-5377,クラフトビールと共に楽しむ洗練されたバー。,http://ito.jp.com
佐藤 バー,3362〜5299円,愛知県長生郡睦沢町細野27丁目27番5号,000-2851-8589,ロマンチックなディナーにぴったりな高級ビストロ。,http://sato.jp.com
吉田 ビストロ,4825〜8507円,埼玉県中央区戸島33丁目20番14号,000-5120-4889,地元のアート作品を展示する個性的なダイナー。,http://ito.jp.com
高橋 レストラン,4262〜6501円,兵庫県世田谷区卯の里9丁目24番1号,000-3415-8282,ジャズが流れる洗練された雰囲気のバー。,http://fujita.com.com
渡辺 バー,4395〜9406円,長野県横浜市西区東上野13丁目17番7号 月島コーポ274,000-9271-6611,歴史的建造物を利用したノスタルジックなレストラン。,http://sato.com.com
伊藤 カフェ,2701〜9552円,栃木県川崎市宮前区高田馬場16丁目16番1号 クレスト松が谷960,000-1908-1373,シーフードが豊富な港町のカフェ。,http://yamazaki.org.com
木村 レストラン,3235〜7518円,京都府南房総市鳥越35丁目11番2号 白金台パーク424,81-0538-9837,モダンアートと創作料理が融合したレストラン。,http://watanabe.com.com
田中 レストラン,3561〜8820円,群馬県横浜市港北区東浅草27丁目7番8号 港南ハイツ398,000-7654-2636,エコフレンドリーなコンセプトのオーガニックカフェ。,http://kobayashi.net.com
斉藤 バー,4835〜6560円,千葉県新島村三ノ輪34丁目19番7号 池之端アーバン448,000-7373-7550,旬の食材を活かした創作フュージョンダイナー。,http://takahashi.net.com
伊藤 ダイナー,2310〜6102円,沖縄県荒川区下吉羽6丁目8番12号 無栗屋コーポ261,000-7180-4151,都市の中心にある洗練されたワインバー。,http://ito.org.com
小林 ダイナー,4769〜8176円,佐賀県匝瑳市下吉羽8丁目18番15号 アーバン押上569,000-5565-6551,アジアンフュージョン料理が楽しめるトレンディなビストロ。,http://yoshida.jp.com
池田 レストラン,2952〜5537円,滋賀県香取郡多古町中宮祠13丁目26番17号 鳥越パレス036,000-0302-4044,手作りピザとクラフトビールを提供するカジュアルダイナー。,http://aoki.jp.com